SimTime	 AccountID	 NodeID	 Event	 Balance	 State	 Nonce
0	1	node-1	Account Created	10000	FINALIZED	0
0	2	node-1	Account Created	10000	FINALIZED	0
0	3	node-1	Account Created	10000	FINALIZED	0
0	4	node-1	Account Created	10000	FINALIZED	0
0	5	node-1	Account Created	10000	FINALIZED	0
0	1	node-2	Account Created	10000	FINALIZED	0
0	2	node-2	Account Created	10000	FINALIZED	0
0	3	node-2	Account Created	10000	FINALIZED	0
0	4	node-2	Account Created	10000	FINALIZED	0
0	5	node-2	Account Created	10000	FINALIZED	0
0	1	node-3	Account Created	10000	FINALIZED	0
0	2	node-3	Account Created	10000	FINALIZED	0
0	3	node-3	Account Created	10000	FINALIZED	0
0	4	node-3	Account Created	10000	FINALIZED	0
0	5	node-3	Account Created	10000	FINALIZED	0
0	1	node-4	Account Created	10000	FINALIZED	0
0	2	node-4	Account Created	10000	FINALIZED	0
0	3	node-4	Account Created	10000	FINALIZED	0
0	4	node-4	Account Created	10000	FINALIZED	0
0	5	node-4	Account Created	10000	FINALIZED	0
0	1	node-5	Account Created	10000	FINALIZED	0
0	2	node-5	Account Created	10000	FINALIZED	0
0	3	node-5	Account Created	10000	FINALIZED	0
0	4	node-5	Account Created	10000	FINALIZED	0
0	5	node-5	Account Created	10000	FINALIZED	0
