SimTime,EventType,NodeID,Details
1,Initialization,node-1,Node initialized
1,Initialization,node-2,Node initialized
1,Initialization,node-3,Node initialized
1,Initialization,node-4,Node initialized
1,Initialization,node-5,Node initialized
50101,Timeout,node-1,Node timed out
50101,VoteReceived,node-1,Received vote from node 1
50101,VoteReceived,node-2,Received vote from node 1
50101,VoteReceived,node-4,Received vote from node 1
50101,VoteReceived,node-5,Received vote from node 1
50101,VoteReceived,node-3,Received vote from node 1
50201,Timeout,node-2,Node timed out
50201,VoteReceived,node-2,Received vote from node 2
50215,VoteReceived,node-1,Received vote from node 2
50215,VoteReceived,node-4,Received vote from node 2
50215,VoteReceived,node-5,Received vote from node 2
50215,VoteReceived,node-3,Received vote from node 2
50301,Timeout,node-3,Node timed out
50301,VoteReceived,node-3,Received vote from node 3
50330,VoteReceived,node-1,Received vote from node 3
50330,VoteReceived,node-4,Received vote from node 3
50330,VoteReceived,node-5,Received vote from node 3
50330,VoteReceived,node-2,Received vote from node 3
50330,VoteReceived,node-4,Received vote from node 4
50330,VoteReceived,node-5,Received vote from node 5
50373,VoteReceived,node-1,Received vote from node 4
50373,VoteReceived,node-4,Received vote from node 5
50373,VoteReceived,node-1,Received vote from node 5
50373,VoteReceived,node-3,Received vote from node 5
50373,VoteReceived,node-2,Received vote from node 5
50373,VoteReceived,node-2,Received vote from node 4
50373,VoteReceived,node-3,Received vote from node 4
50373,VoteReceived,node-5,Received vote from node 4
50401,Timeout,node-4,Node timed out
50501,Timeout,node-5,Node timed out
100201,Timeout,node-1,Node timed out
100401,Timeout,node-2,Node timed out
100473,Timeout,node-1,Node timed out
100473,SubmissionReceived,node-1,Received submission from node 1
100473,SubmissionReceived,node-2,Received submission from node 1
100473,SubmissionReceived,node-3,Received submission from node 1
100473,SubmissionReceived,node-4,Received submission from node 1
100473,SubmissionReceived,node-5,Received submission from node 1
100573,Timeout,node-2,Node timed out
100573,SubmissionReceived,node-2,Received submission from node 2
100587,SubmissionReceived,node-1,Received submission from node 2
100587,SubmissionReceived,node-3,Received submission from node 2
100587,SubmissionReceived,node-4,Received submission from node 2
100587,SubmissionReceived,node-5,Received submission from node 2
100601,Timeout,node-3,Node timed out
100673,Timeout,node-3,Node timed out
100673,SubmissionReceived,node-3,Received submission from node 3
100702,SubmissionReceived,node-1,Received submission from node 3
100702,SubmissionReceived,node-2,Received submission from node 3
100702,SubmissionReceived,node-4,Received submission from node 3
100702,SubmissionReceived,node-5,Received submission from node 3
100702,SubmissionReceived,node-4,Received submission from node 4
100702,SubmissionReceived,node-5,Received submission from node 5
100730,Timeout,node-4,Node timed out
100730,Timeout,node-4,Node timed out
100745,SubmissionReceived,node-5,Received submission from node 4
100745,SubmissionReceived,node-4,Received submission from node 5
100745,SubmissionReceived,node-2,Received submission from node 5
100745,SubmissionReceived,node-3,Received submission from node 5
100745,SubmissionReceived,node-1,Received submission from node 5
100745,SubmissionReceived,node-1,Received submission from node 4
100745,SubmissionReceived,node-3,Received submission from node 4
100745,SubmissionReceived,node-2,Received submission from node 4
100830,Timeout,node-5,Node timed out
100830,Timeout,node-5,Node timed out
150573,Timeout,node-1,Node timed out
150773,Timeout,node-2,Node timed out
150845,Timeout,node-1,Node timed out
150845,HashReceived,node-1,Received hash from node 1
150845,HashReceived,node-2,Received hash from node 1
150845,HashReceived,node-3,Received hash from node 1
150845,HashReceived,node-4,Received hash from node 1
150845,HashReceived,node-5,Received hash from node 1
150945,Timeout,node-2,Node timed out
150945,HashReceived,node-2,Received hash from node 2
150959,HashReceived,node-1,Received hash from node 2
150959,HashReceived,node-3,Received hash from node 2
150959,HashReceived,node-4,Received hash from node 2
150959,HashReceived,node-5,Received hash from node 2
150973,Timeout,node-3,Node timed out
151045,Timeout,node-3,Node timed out
151045,HashReceived,node-3,Received hash from node 3
151074,HashReceived,node-1,Received hash from node 3
151074,HashReceived,node-2,Received hash from node 3
151074,HashReceived,node-4,Received hash from node 3
151074,HashReceived,node-5,Received hash from node 3
151074,HashReceived,node-4,Received hash from node 4
151074,HashReceived,node-5,Received hash from node 5
151102,Timeout,node-4,Node timed out
151102,Timeout,node-4,Node timed out
151117,HashReceived,node-5,Received hash from node 4
151117,HashReceived,node-4,Received hash from node 5
151117,HashReceived,node-1,Received hash from node 4
151117,HashReceived,node-2,Received hash from node 5
151117,HashReceived,node-3,Received hash from node 5
151117,HashReceived,node-1,Received hash from node 5
151117,HashReceived,node-2,Received hash from node 4
151117,HashReceived,node-3,Received hash from node 4
151202,Timeout,node-5,Node timed out
151202,Timeout,node-5,Node timed out
200945,Timeout,node-1,Node timed out
201145,Timeout,node-2,Node timed out
201217,Timeout,node-1,Node timed out
201217,Initialization,node-1,Node initialized
201217,Registration,node-1,Registered in epoch 1
201317,Timeout,node-2,Node timed out
201317,Initialization,node-2,Node initialized
201317,Registration,node-2,Registered in epoch 1
201345,Timeout,node-3,Node timed out
201417,Timeout,node-3,Node timed out
201417,Initialization,node-3,Node initialized
201417,Registration,node-3,Registered in epoch 1
201474,Timeout,node-4,Node timed out
201474,Timeout,node-4,Node timed out
201474,Initialization,node-4,Node initialized
201474,Registration,node-4,Registered in epoch 1
201574,Timeout,node-5,Node timed out
201574,Timeout,node-5,Node timed out
201574,Initialization,node-5,Node initialized
201574,Registration,node-5,Registered in epoch 1
251317,Timeout,node-1,Node timed out
251317,VoteReceived,node-1,Received vote from node 1
251317,VoteReceived,node-2,Received vote from node 1
251317,VoteReceived,node-4,Received vote from node 1
251317,VoteReceived,node-5,Received vote from node 1
251317,VoteReceived,node-3,Received vote from node 1
251517,Timeout,node-2,Node timed out
251517,VoteReceived,node-2,Received vote from node 2
251531,VoteReceived,node-1,Received vote from node 2
251531,VoteReceived,node-4,Received vote from node 2
251531,VoteReceived,node-5,Received vote from node 2
251531,VoteReceived,node-3,Received vote from node 2
251717,Timeout,node-3,Node timed out
251717,VoteReceived,node-3,Received vote from node 3
251746,VoteReceived,node-1,Received vote from node 3
251746,VoteReceived,node-4,Received vote from node 3
251746,VoteReceived,node-5,Received vote from node 3
251746,VoteReceived,node-2,Received vote from node 3
251746,VoteReceived,node-4,Received vote from node 4
251746,VoteReceived,node-5,Received vote from node 5
251789,VoteReceived,node-1,Received vote from node 4
251789,VoteReceived,node-4,Received vote from node 5
251789,VoteReceived,node-1,Received vote from node 5
251789,VoteReceived,node-3,Received vote from node 5
251789,VoteReceived,node-2,Received vote from node 5
251789,VoteReceived,node-2,Received vote from node 4
251789,VoteReceived,node-3,Received vote from node 4
251789,VoteReceived,node-5,Received vote from node 4
251874,Timeout,node-4,Node timed out
252074,Timeout,node-5,Node timed out
301417,Timeout,node-1,Node timed out
301717,Timeout,node-2,Node timed out
301889,Timeout,node-1,Node timed out
301889,SubmissionReceived,node-1,Received submission from node 1
301889,SubmissionReceived,node-2,Received submission from node 1
301889,SubmissionReceived,node-3,Received submission from node 1
301889,SubmissionReceived,node-4,Received submission from node 1
301889,SubmissionReceived,node-5,Received submission from node 1
301989,Timeout,node-2,Node timed out
301989,SubmissionReceived,node-2,Received submission from node 2
302003,SubmissionReceived,node-1,Received submission from node 2
302003,SubmissionReceived,node-3,Received submission from node 2
302003,SubmissionReceived,node-4,Received submission from node 2
302003,SubmissionReceived,node-5,Received submission from node 2
302017,Timeout,node-3,Node timed out
302089,Timeout,node-3,Node timed out
302089,SubmissionReceived,node-3,Received submission from node 3
302118,SubmissionReceived,node-1,Received submission from node 3
302118,SubmissionReceived,node-2,Received submission from node 3
302118,SubmissionReceived,node-4,Received submission from node 3
302118,SubmissionReceived,node-5,Received submission from node 3
302118,SubmissionReceived,node-4,Received submission from node 4
302118,SubmissionReceived,node-5,Received submission from node 5
302146,Timeout,node-4,Node timed out
302146,Timeout,node-4,Node timed out
302161,SubmissionReceived,node-5,Received submission from node 4
302161,SubmissionReceived,node-4,Received submission from node 5
302161,SubmissionReceived,node-1,Received submission from node 4
302161,SubmissionReceived,node-2,Received submission from node 5
302161,SubmissionReceived,node-3,Received submission from node 5
302161,SubmissionReceived,node-1,Received submission from node 5
302161,SubmissionReceived,node-2,Received submission from node 4
302161,SubmissionReceived,node-3,Received submission from node 4
302246,Timeout,node-5,Node timed out
302246,Timeout,node-5,Node timed out
351989,Timeout,node-1,Node timed out
352189,Timeout,node-2,Node timed out
352261,Timeout,node-1,Node timed out
352261,HashReceived,node-1,Received hash from node 1
352261,HashReceived,node-2,Received hash from node 1
352261,HashReceived,node-3,Received hash from node 1
352261,HashReceived,node-4,Received hash from node 1
352261,HashReceived,node-5,Received hash from node 1
352361,Timeout,node-2,Node timed out
352361,HashReceived,node-2,Received hash from node 2
352375,HashReceived,node-1,Received hash from node 2
352375,HashReceived,node-3,Received hash from node 2
352375,HashReceived,node-4,Received hash from node 2
352375,HashReceived,node-5,Received hash from node 2
352389,Timeout,node-3,Node timed out
352461,Timeout,node-3,Node timed out
352461,HashReceived,node-3,Received hash from node 3
352490,HashReceived,node-1,Received hash from node 3
352490,HashReceived,node-2,Received hash from node 3
352490,HashReceived,node-4,Received hash from node 3
352490,HashReceived,node-5,Received hash from node 3
352490,HashReceived,node-4,Received hash from node 4
352490,HashReceived,node-5,Received hash from node 5
352518,Timeout,node-4,Node timed out
352518,Timeout,node-4,Node timed out
352533,HashReceived,node-5,Received hash from node 4
352533,HashReceived,node-4,Received hash from node 5
352533,HashReceived,node-1,Received hash from node 4
352533,HashReceived,node-2,Received hash from node 5
352533,HashReceived,node-3,Received hash from node 5
352533,HashReceived,node-1,Received hash from node 5
352533,HashReceived,node-2,Received hash from node 4
352533,HashReceived,node-3,Received hash from node 4
352618,Timeout,node-5,Node timed out
352618,Timeout,node-5,Node timed out
402361,Timeout,node-1,Node timed out
402561,Timeout,node-2,Node timed out
402633,Timeout,node-1,Node timed out
402633,Initialization,node-1,Node initialized
402633,Registration,node-1,Registered in epoch 2
402733,Timeout,node-2,Node timed out
402733,Initialization,node-2,Node initialized
402733,Registration,node-2,Registered in epoch 2
402761,Timeout,node-3,Node timed out
402833,Timeout,node-3,Node timed out
402833,Initialization,node-3,Node initialized
402833,Registration,node-3,Registered in epoch 2
402890,Timeout,node-4,Node timed out
402890,Timeout,node-4,Node timed out
402890,Initialization,node-4,Node initialized
402890,Registration,node-4,Registered in epoch 2
402990,Timeout,node-5,Node timed out
402990,Timeout,node-5,Node timed out
402990,Initialization,node-5,Node initialized
402990,Registration,node-5,Registered in epoch 2
452733,Timeout,node-1,Node timed out
452733,VoteReceived,node-1,Received vote from node 1
452733,VoteReceived,node-2,Received vote from node 1
452733,VoteReceived,node-4,Received vote from node 1
452733,VoteReceived,node-5,Received vote from node 1
452733,VoteReceived,node-3,Received vote from node 1
452933,Timeout,node-2,Node timed out
452933,VoteReceived,node-2,Received vote from node 2
452947,VoteReceived,node-1,Received vote from node 2
452947,VoteReceived,node-4,Received vote from node 2
452947,VoteReceived,node-5,Received vote from node 2
452947,VoteReceived,node-3,Received vote from node 2
453133,Timeout,node-3,Node timed out
453133,VoteReceived,node-3,Received vote from node 3
453162,VoteReceived,node-1,Received vote from node 3
453162,VoteReceived,node-4,Received vote from node 3
453162,VoteReceived,node-5,Received vote from node 3
453162,VoteReceived,node-2,Received vote from node 3
453162,VoteReceived,node-4,Received vote from node 4
453162,VoteReceived,node-5,Received vote from node 5
453205,VoteReceived,node-1,Received vote from node 4
453205,VoteReceived,node-4,Received vote from node 5
453205,VoteReceived,node-1,Received vote from node 5
453205,VoteReceived,node-3,Received vote from node 5
453205,VoteReceived,node-2,Received vote from node 5
453205,VoteReceived,node-2,Received vote from node 4
453205,VoteReceived,node-3,Received vote from node 4
453205,VoteReceived,node-5,Received vote from node 4
453290,Timeout,node-4,Node timed out
453490,Timeout,node-5,Node timed out
502833,Timeout,node-1,Node timed out
503133,Timeout,node-2,Node timed out
503305,Timeout,node-1,Node timed out
503305,SubmissionReceived,node-1,Received submission from node 1
503305,SubmissionReceived,node-2,Received submission from node 1
503305,SubmissionReceived,node-3,Received submission from node 1
503305,SubmissionReceived,node-4,Received submission from node 1
503305,SubmissionReceived,node-5,Received submission from node 1
503405,Timeout,node-2,Node timed out
503405,SubmissionReceived,node-2,Received submission from node 2
503419,SubmissionReceived,node-1,Received submission from node 2
503419,SubmissionReceived,node-3,Received submission from node 2
503419,SubmissionReceived,node-4,Received submission from node 2
503419,SubmissionReceived,node-5,Received submission from node 2
503433,Timeout,node-3,Node timed out
503505,Timeout,node-3,Node timed out
503505,SubmissionReceived,node-3,Received submission from node 3
503534,SubmissionReceived,node-1,Received submission from node 3
503534,SubmissionReceived,node-2,Received submission from node 3
503534,SubmissionReceived,node-4,Received submission from node 3
503534,SubmissionReceived,node-5,Received submission from node 3
503534,SubmissionReceived,node-4,Received submission from node 4
503534,SubmissionReceived,node-5,Received submission from node 5
503562,Timeout,node-4,Node timed out
503562,Timeout,node-4,Node timed out
503577,SubmissionReceived,node-5,Received submission from node 4
503577,SubmissionReceived,node-4,Received submission from node 5
503577,SubmissionReceived,node-1,Received submission from node 4
503577,SubmissionReceived,node-2,Received submission from node 5
503577,SubmissionReceived,node-3,Received submission from node 5
503577,SubmissionReceived,node-1,Received submission from node 5
503577,SubmissionReceived,node-2,Received submission from node 4
503577,SubmissionReceived,node-3,Received submission from node 4
503662,Timeout,node-5,Node timed out
503662,Timeout,node-5,Node timed out
553405,Timeout,node-1,Node timed out
553605,Timeout,node-2,Node timed out
553677,Timeout,node-1,Node timed out
553677,HashReceived,node-1,Received hash from node 1
553677,HashReceived,node-2,Received hash from node 1
553677,HashReceived,node-3,Received hash from node 1
553677,HashReceived,node-4,Received hash from node 1
553677,HashReceived,node-5,Received hash from node 1
553777,Timeout,node-2,Node timed out
553777,HashReceived,node-2,Received hash from node 2
553791,HashReceived,node-1,Received hash from node 2
553791,HashReceived,node-3,Received hash from node 2
553791,HashReceived,node-4,Received hash from node 2
553791,HashReceived,node-5,Received hash from node 2
553805,Timeout,node-3,Node timed out
553877,Timeout,node-3,Node timed out
553877,HashReceived,node-3,Received hash from node 3
553906,HashReceived,node-1,Received hash from node 3
553906,HashReceived,node-2,Received hash from node 3
553906,HashReceived,node-4,Received hash from node 3
553906,HashReceived,node-5,Received hash from node 3
553906,HashReceived,node-4,Received hash from node 4
553906,HashReceived,node-5,Received hash from node 5
553934,Timeout,node-4,Node timed out
553934,Timeout,node-4,Node timed out
553949,HashReceived,node-5,Received hash from node 4
553949,HashReceived,node-4,Received hash from node 5
553949,HashReceived,node-1,Received hash from node 4
553949,HashReceived,node-2,Received hash from node 5
553949,HashReceived,node-3,Received hash from node 5
553949,HashReceived,node-1,Received hash from node 5
553949,HashReceived,node-2,Received hash from node 4
553949,HashReceived,node-3,Received hash from node 4
554034,Timeout,node-5,Node timed out
554034,Timeout,node-5,Node timed out
603777,Timeout,node-1,Node timed out
603977,Timeout,node-2,Node timed out
604049,Timeout,node-1,Node timed out
604049,Initialization,node-1,Node initialized
604049,Registration,node-1,Registered in epoch 3
604149,Timeout,node-2,Node timed out
604149,Initialization,node-2,Node initialized
604149,Registration,node-2,Registered in epoch 3
604177,Timeout,node-3,Node timed out
604249,Timeout,node-3,Node timed out
604249,Initialization,node-3,Node initialized
604249,Registration,node-3,Registered in epoch 3
604306,Timeout,node-4,Node timed out
604306,Timeout,node-4,Node timed out
604306,Initialization,node-4,Node initialized
604306,Registration,node-4,Registered in epoch 3
604406,Timeout,node-5,Node timed out
604406,Timeout,node-5,Node timed out
604406,Initialization,node-5,Node initialized
604406,Registration,node-5,Registered in epoch 3
654149,Timeout,node-1,Node timed out
654149,VoteReceived,node-1,Received vote from node 1
654149,VoteReceived,node-2,Received vote from node 1
654149,VoteReceived,node-4,Received vote from node 1
654149,VoteReceived,node-5,Received vote from node 1
654149,VoteReceived,node-3,Received vote from node 1
654349,Timeout,node-2,Node timed out
654349,VoteReceived,node-2,Received vote from node 2
654363,VoteReceived,node-1,Received vote from node 2
654363,VoteReceived,node-4,Received vote from node 2
654363,VoteReceived,node-5,Received vote from node 2
654363,VoteReceived,node-3,Received vote from node 2
654549,Timeout,node-3,Node timed out
654549,VoteReceived,node-3,Received vote from node 3
654578,VoteReceived,node-1,Received vote from node 3
654578,VoteReceived,node-4,Received vote from node 3
654578,VoteReceived,node-5,Received vote from node 3
654578,VoteReceived,node-2,Received vote from node 3
654578,VoteReceived,node-4,Received vote from node 4
654578,VoteReceived,node-5,Received vote from node 5
654621,VoteReceived,node-1,Received vote from node 4
654621,VoteReceived,node-4,Received vote from node 5
654621,VoteReceived,node-1,Received vote from node 5
654621,VoteReceived,node-3,Received vote from node 5
654621,VoteReceived,node-2,Received vote from node 5
654621,VoteReceived,node-2,Received vote from node 4
654621,VoteReceived,node-3,Received vote from node 4
654621,VoteReceived,node-5,Received vote from node 4
654706,Timeout,node-4,Node timed out
654906,Timeout,node-5,Node timed out
704249,Timeout,node-1,Node timed out
704549,Timeout,node-2,Node timed out
704721,Timeout,node-1,Node timed out
704721,SubmissionReceived,node-1,Received submission from node 1
704721,SubmissionReceived,node-2,Received submission from node 1
704721,SubmissionReceived,node-3,Received submission from node 1
704721,SubmissionReceived,node-4,Received submission from node 1
704721,SubmissionReceived,node-5,Received submission from node 1
704821,Timeout,node-2,Node timed out
704821,SubmissionReceived,node-2,Received submission from node 2
704835,SubmissionReceived,node-1,Received submission from node 2
704835,SubmissionReceived,node-3,Received submission from node 2
704835,SubmissionReceived,node-4,Received submission from node 2
704835,SubmissionReceived,node-5,Received submission from node 2
704849,Timeout,node-3,Node timed out
704921,Timeout,node-3,Node timed out
704921,SubmissionReceived,node-3,Received submission from node 3
704950,SubmissionReceived,node-1,Received submission from node 3
704950,SubmissionReceived,node-2,Received submission from node 3
704950,SubmissionReceived,node-4,Received submission from node 3
704950,SubmissionReceived,node-5,Received submission from node 3
704950,SubmissionReceived,node-4,Received submission from node 4
704950,SubmissionReceived,node-5,Received submission from node 5
704978,Timeout,node-4,Node timed out
704978,Timeout,node-4,Node timed out
704993,SubmissionReceived,node-5,Received submission from node 4
704993,SubmissionReceived,node-4,Received submission from node 5
704993,SubmissionReceived,node-1,Received submission from node 4
704993,SubmissionReceived,node-2,Received submission from node 5
704993,SubmissionReceived,node-3,Received submission from node 5
704993,SubmissionReceived,node-1,Received submission from node 5
704993,SubmissionReceived,node-2,Received submission from node 4
704993,SubmissionReceived,node-3,Received submission from node 4
705078,Timeout,node-5,Node timed out
705078,Timeout,node-5,Node timed out
754821,Timeout,node-1,Node timed out
755021,Timeout,node-2,Node timed out
755093,Timeout,node-1,Node timed out
755093,HashReceived,node-1,Received hash from node 1
755093,HashReceived,node-2,Received hash from node 1
755093,HashReceived,node-3,Received hash from node 1
755093,HashReceived,node-4,Received hash from node 1
755093,HashReceived,node-5,Received hash from node 1
755193,Timeout,node-2,Node timed out
755193,HashReceived,node-2,Received hash from node 2
755207,HashReceived,node-1,Received hash from node 2
755207,HashReceived,node-3,Received hash from node 2
755207,HashReceived,node-4,Received hash from node 2
755207,HashReceived,node-5,Received hash from node 2
755221,Timeout,node-3,Node timed out
755293,Timeout,node-3,Node timed out
755293,HashReceived,node-3,Received hash from node 3
755322,HashReceived,node-1,Received hash from node 3
755322,HashReceived,node-2,Received hash from node 3
755322,HashReceived,node-4,Received hash from node 3
755322,HashReceived,node-5,Received hash from node 3
755322,HashReceived,node-4,Received hash from node 4
755322,HashReceived,node-5,Received hash from node 5
755350,Timeout,node-4,Node timed out
755350,Timeout,node-4,Node timed out
755365,HashReceived,node-5,Received hash from node 4
755365,HashReceived,node-4,Received hash from node 5
755365,HashReceived,node-1,Received hash from node 4
755365,HashReceived,node-2,Received hash from node 5
755365,HashReceived,node-3,Received hash from node 5
755365,HashReceived,node-1,Received hash from node 5
755365,HashReceived,node-2,Received hash from node 4
755365,HashReceived,node-3,Received hash from node 4
755450,Timeout,node-5,Node timed out
755450,Timeout,node-5,Node timed out
805193,Timeout,node-1,Node timed out
805393,Timeout,node-2,Node timed out
805465,Timeout,node-1,Node timed out
805465,Initialization,node-1,Node initialized
805465,Registration,node-1,Registered in epoch 4
805565,Timeout,node-2,Node timed out
805565,Initialization,node-2,Node initialized
805565,Registration,node-2,Registered in epoch 4
805593,Timeout,node-3,Node timed out
805665,Timeout,node-3,Node timed out
805665,Initialization,node-3,Node initialized
805665,Registration,node-3,Registered in epoch 4
805722,Timeout,node-4,Node timed out
805722,Timeout,node-4,Node timed out
805722,Initialization,node-4,Node initialized
805722,Registration,node-4,Registered in epoch 4
805822,Timeout,node-5,Node timed out
805822,Timeout,node-5,Node timed out
805822,Registration,node-5,Registered in epoch 4
855565,Timeout,node-1,Node timed out
855565,VoteReceived,node-1,Received vote from node 1
855565,VoteReceived,node-3,Received vote from node 1
855565,VoteReceived,node-5,Received vote from node 1
855565,VoteReceived,node-4,Received vote from node 1
855565,VoteReceived,node-2,Received vote from node 1
855765,Timeout,node-2,Node timed out
855765,VoteReceived,node-2,Received vote from node 2
855779,VoteReceived,node-3,Received vote from node 2
855779,VoteReceived,node-5,Received vote from node 2
855779,VoteReceived,node-4,Received vote from node 2
855779,VoteReceived,node-1,Received vote from node 2
855965,Timeout,node-3,Node timed out
855965,VoteReceived,node-3,Received vote from node 3
855994,VoteReceived,node-2,Received vote from node 3
855994,VoteReceived,node-5,Received vote from node 3
855994,VoteReceived,node-4,Received vote from node 3
855994,VoteReceived,node-1,Received vote from node 3
855994,VoteReceived,node-4,Received vote from node 4
856037,VoteReceived,node-2,Received vote from node 4
856037,VoteReceived,node-3,Received vote from node 4
856037,VoteReceived,node-1,Received vote from node 4
856037,VoteReceived,node-5,Received vote from node 4
856122,Timeout,node-4,Node timed out
905665,Timeout,node-1,Node timed out
905965,Timeout,node-2,Node timed out
906137,Timeout,node-1,Node timed out
906137,SubmissionReceived,node-1,Received submission from node 1
906137,SubmissionReceived,node-2,Received submission from node 1
906137,SubmissionReceived,node-3,Received submission from node 1
906137,SubmissionReceived,node-4,Received submission from node 1
906137,SubmissionReceived,node-5,Received submission from node 1
906237,Timeout,node-2,Node timed out
906237,SubmissionReceived,node-2,Received submission from node 2
906251,SubmissionReceived,node-1,Received submission from node 2
906251,SubmissionReceived,node-3,Received submission from node 2
906251,SubmissionReceived,node-4,Received submission from node 2
906251,SubmissionReceived,node-5,Received submission from node 2
906265,Timeout,node-3,Node timed out
906337,Timeout,node-3,Node timed out
906337,SubmissionReceived,node-3,Received submission from node 3
906366,SubmissionReceived,node-1,Received submission from node 3
906366,SubmissionReceived,node-4,Received submission from node 3
906366,SubmissionReceived,node-5,Received submission from node 3
906366,SubmissionReceived,node-2,Received submission from node 3
906366,SubmissionReceived,node-4,Received submission from node 4
906394,Timeout,node-4,Node timed out
906394,Timeout,node-4,Node timed out
906409,SubmissionReceived,node-1,Received submission from node 4
906409,SubmissionReceived,node-2,Received submission from node 4
906409,SubmissionReceived,node-5,Received submission from node 4
906409,SubmissionReceived,node-3,Received submission from node 4
956237,Timeout,node-1,Node timed out
956437,Timeout,node-2,Node timed out
956509,Timeout,node-1,Node timed out
956509,HashReceived,node-1,Received hash from node 1
956509,HashReceived,node-2,Received hash from node 1
956509,HashReceived,node-4,Received hash from node 1
956509,HashReceived,node-5,Received hash from node 1
956509,HashReceived,node-3,Received hash from node 1
956609,Timeout,node-2,Node timed out
956609,HashReceived,node-2,Received hash from node 2
956623,HashReceived,node-1,Received hash from node 2
956623,HashReceived,node-4,Received hash from node 2
956623,HashReceived,node-5,Received hash from node 2
956623,HashReceived,node-3,Received hash from node 2
956637,Timeout,node-3,Node timed out
956709,Timeout,node-3,Node timed out
956709,HashReceived,node-3,Received hash from node 3
956738,HashReceived,node-2,Received hash from node 3
956738,HashReceived,node-5,Received hash from node 3
956738,HashReceived,node-4,Received hash from node 3
956738,HashReceived,node-1,Received hash from node 3
956738,HashReceived,node-4,Received hash from node 4
956766,Timeout,node-4,Node timed out
956766,Timeout,node-4,Node timed out
956781,HashReceived,node-1,Received hash from node 4
956781,HashReceived,node-2,Received hash from node 4
956781,HashReceived,node-3,Received hash from node 4
956781,HashReceived,node-5,Received hash from node 4
1006609,Timeout,node-1,Node timed out
1006809,Timeout,node-2,Node timed out
1006881,Timeout,node-1,Node timed out
1006881,Initialization,node-1,Node initialized
1006881,Registration,node-1,Registered in epoch 5
1006981,Timeout,node-2,Node timed out
1006981,Initialization,node-2,Node initialized
1006981,Registration,node-2,Registered in epoch 5
1007009,Timeout,node-3,Node timed out
1007081,Timeout,node-3,Node timed out
1007081,Initialization,node-3,Node initialized
1007081,Registration,node-3,Registered in epoch 5
1007138,Timeout,node-4,Node timed out
1007138,Timeout,node-4,Node timed out
1007138,Initialization,node-4,Node initialized
1007138,Registration,node-4,Registered in epoch 5
1056981,Timeout,node-1,Node timed out
1056981,VoteReceived,node-1,Received vote from node 1
1056981,VoteReceived,node-3,Received vote from node 1
1056981,VoteReceived,node-5,Received vote from node 1
1056981,VoteReceived,node-4,Received vote from node 1
1056981,VoteReceived,node-2,Received vote from node 1
1057181,Timeout,node-2,Node timed out
1057181,VoteReceived,node-2,Received vote from node 2
1057195,VoteReceived,node-3,Received vote from node 2
1057195,VoteReceived,node-5,Received vote from node 2
1057195,VoteReceived,node-4,Received vote from node 2
1057195,VoteReceived,node-1,Received vote from node 2
1057381,Timeout,node-3,Node timed out
1057381,VoteReceived,node-3,Received vote from node 3
1057410,VoteReceived,node-2,Received vote from node 3
1057410,VoteReceived,node-5,Received vote from node 3
1057410,VoteReceived,node-4,Received vote from node 3
1057410,VoteReceived,node-1,Received vote from node 3
1057410,VoteReceived,node-4,Received vote from node 4
1057453,VoteReceived,node-2,Received vote from node 4
1057453,VoteReceived,node-3,Received vote from node 4
1057453,VoteReceived,node-1,Received vote from node 4
1057453,VoteReceived,node-5,Received vote from node 4
1057538,Timeout,node-4,Node timed out
1107081,Timeout,node-1,Node timed out
1107381,Timeout,node-2,Node timed out
1107553,Timeout,node-1,Node timed out
1107553,SubmissionReceived,node-1,Received submission from node 1
1107553,SubmissionReceived,node-2,Received submission from node 1
1107553,SubmissionReceived,node-3,Received submission from node 1
1107553,SubmissionReceived,node-4,Received submission from node 1
1107553,SubmissionReceived,node-5,Received submission from node 1
1107653,Timeout,node-2,Node timed out
1107653,SubmissionReceived,node-2,Received submission from node 2
1107667,SubmissionReceived,node-1,Received submission from node 2
1107667,SubmissionReceived,node-3,Received submission from node 2
1107667,SubmissionReceived,node-4,Received submission from node 2
1107667,SubmissionReceived,node-5,Received submission from node 2
1107681,Timeout,node-3,Node timed out
1107753,Timeout,node-3,Node timed out
1107753,SubmissionReceived,node-3,Received submission from node 3
1107782,SubmissionReceived,node-1,Received submission from node 3
1107782,SubmissionReceived,node-4,Received submission from node 3
1107782,SubmissionReceived,node-5,Received submission from node 3
1107782,SubmissionReceived,node-2,Received submission from node 3
1107782,SubmissionReceived,node-4,Received submission from node 4
1107810,Timeout,node-4,Node timed out
1107810,Timeout,node-4,Node timed out
1107825,SubmissionReceived,node-1,Received submission from node 4
1107825,SubmissionReceived,node-2,Received submission from node 4
1107825,SubmissionReceived,node-5,Received submission from node 4
1107825,SubmissionReceived,node-3,Received submission from node 4
1157653,Timeout,node-1,Node timed out
1157853,Timeout,node-2,Node timed out
1157925,Timeout,node-1,Node timed out
1157925,HashReceived,node-1,Received hash from node 1
1157925,HashReceived,node-2,Received hash from node 1
1157925,HashReceived,node-4,Received hash from node 1
1157925,HashReceived,node-5,Received hash from node 1
1157925,HashReceived,node-3,Received hash from node 1
1158025,Timeout,node-2,Node timed out
1158025,HashReceived,node-2,Received hash from node 2
1158039,HashReceived,node-1,Received hash from node 2
1158039,HashReceived,node-4,Received hash from node 2
1158039,HashReceived,node-5,Received hash from node 2
1158039,HashReceived,node-3,Received hash from node 2
1158053,Timeout,node-3,Node timed out
1158125,Timeout,node-3,Node timed out
1158125,HashReceived,node-3,Received hash from node 3
1158154,HashReceived,node-2,Received hash from node 3
1158154,HashReceived,node-5,Received hash from node 3
1158154,HashReceived,node-4,Received hash from node 3
1158154,HashReceived,node-1,Received hash from node 3
1158154,HashReceived,node-4,Received hash from node 4
1158182,Timeout,node-4,Node timed out
1158182,Timeout,node-4,Node timed out
1158197,HashReceived,node-1,Received hash from node 4
1158197,HashReceived,node-2,Received hash from node 4
1158197,HashReceived,node-3,Received hash from node 4
1158197,HashReceived,node-5,Received hash from node 4
1208025,Timeout,node-1,Node timed out
1208225,Timeout,node-2,Node timed out
1208297,Timeout,node-1,Node timed out
1208297,Initialization,node-1,Node initialized
1208297,Registration,node-1,Registered in epoch 6
1208397,Timeout,node-2,Node timed out
1208397,Initialization,node-2,Node initialized
1208397,Registration,node-2,Registered in epoch 6
1208425,Timeout,node-3,Node timed out
1208497,Timeout,node-3,Node timed out
1208497,Initialization,node-3,Node initialized
1208497,Registration,node-3,Registered in epoch 6
1208554,Timeout,node-4,Node timed out
1208554,Timeout,node-4,Node timed out
1208554,Initialization,node-4,Node initialized
1208554,Registration,node-4,Registered in epoch 6
1258397,Timeout,node-1,Node timed out
1258397,VoteReceived,node-1,Received vote from node 1
1258397,VoteReceived,node-3,Received vote from node 1
1258397,VoteReceived,node-5,Received vote from node 1
1258397,VoteReceived,node-4,Received vote from node 1
1258397,VoteReceived,node-2,Received vote from node 1
1258597,Timeout,node-2,Node timed out
1258597,VoteReceived,node-2,Received vote from node 2
1258611,VoteReceived,node-3,Received vote from node 2
1258611,VoteReceived,node-5,Received vote from node 2
1258611,VoteReceived,node-4,Received vote from node 2
1258611,VoteReceived,node-1,Received vote from node 2
1258797,Timeout,node-3,Node timed out
1258797,VoteReceived,node-3,Received vote from node 3
1258826,VoteReceived,node-2,Received vote from node 3
1258826,VoteReceived,node-5,Received vote from node 3
1258826,VoteReceived,node-4,Received vote from node 3
1258826,VoteReceived,node-1,Received vote from node 3
1258826,VoteReceived,node-4,Received vote from node 4
1258869,VoteReceived,node-2,Received vote from node 4
1258869,VoteReceived,node-3,Received vote from node 4
1258869,VoteReceived,node-1,Received vote from node 4
1258869,VoteReceived,node-5,Received vote from node 4
1258954,Timeout,node-4,Node timed out
1308497,Timeout,node-1,Node timed out
1308797,Timeout,node-2,Node timed out
1308969,Timeout,node-1,Node timed out
1308969,SubmissionReceived,node-1,Received submission from node 1
1308969,SubmissionReceived,node-2,Received submission from node 1
1308969,SubmissionReceived,node-3,Received submission from node 1
1308969,SubmissionReceived,node-4,Received submission from node 1
1308969,SubmissionReceived,node-5,Received submission from node 1
1309069,Timeout,node-2,Node timed out
1309069,SubmissionReceived,node-2,Received submission from node 2
1309083,SubmissionReceived,node-1,Received submission from node 2
1309083,SubmissionReceived,node-3,Received submission from node 2
1309083,SubmissionReceived,node-4,Received submission from node 2
1309083,SubmissionReceived,node-5,Received submission from node 2
1309097,Timeout,node-3,Node timed out
1309169,Timeout,node-3,Node timed out
1309169,SubmissionReceived,node-3,Received submission from node 3
1309198,SubmissionReceived,node-1,Received submission from node 3
1309198,SubmissionReceived,node-4,Received submission from node 3
1309198,SubmissionReceived,node-5,Received submission from node 3
1309198,SubmissionReceived,node-2,Received submission from node 3
1309198,SubmissionReceived,node-4,Received submission from node 4
1309226,Timeout,node-4,Node timed out
1309226,Timeout,node-4,Node timed out
1309241,SubmissionReceived,node-1,Received submission from node 4
1309241,SubmissionReceived,node-2,Received submission from node 4
1309241,SubmissionReceived,node-5,Received submission from node 4
1309241,SubmissionReceived,node-3,Received submission from node 4
1359069,Timeout,node-1,Node timed out
1359269,Timeout,node-2,Node timed out
1359341,Timeout,node-1,Node timed out
1359341,HashReceived,node-1,Received hash from node 1
1359341,HashReceived,node-2,Received hash from node 1
1359341,HashReceived,node-4,Received hash from node 1
1359341,HashReceived,node-5,Received hash from node 1
1359341,HashReceived,node-3,Received hash from node 1
1359441,Timeout,node-2,Node timed out
1359441,HashReceived,node-2,Received hash from node 2
1359455,HashReceived,node-1,Received hash from node 2
1359455,HashReceived,node-4,Received hash from node 2
1359455,HashReceived,node-5,Received hash from node 2
1359455,HashReceived,node-3,Received hash from node 2
1359469,Timeout,node-3,Node timed out
1359541,Timeout,node-3,Node timed out
1359541,HashReceived,node-3,Received hash from node 3
1359570,HashReceived,node-2,Received hash from node 3
1359570,HashReceived,node-5,Received hash from node 3
1359570,HashReceived,node-4,Received hash from node 3
1359570,HashReceived,node-1,Received hash from node 3
1359570,HashReceived,node-4,Received hash from node 4
1359598,Timeout,node-4,Node timed out
1359598,Timeout,node-4,Node timed out
1359613,HashReceived,node-1,Received hash from node 4
1359613,HashReceived,node-2,Received hash from node 4
1359613,HashReceived,node-3,Received hash from node 4
1359613,HashReceived,node-5,Received hash from node 4
1409441,Timeout,node-1,Node timed out
1409641,Timeout,node-2,Node timed out
1409713,Timeout,node-1,Node timed out
1409713,Initialization,node-1,Node initialized
1409713,Registration,node-1,Registered in epoch 7
1409813,Timeout,node-2,Node timed out
1409813,Initialization,node-2,Node initialized
1409813,Registration,node-2,Registered in epoch 7
1409841,Timeout,node-3,Node timed out
1409913,Timeout,node-3,Node timed out
1409913,Initialization,node-3,Node initialized
1409913,Registration,node-3,Registered in epoch 7
1409970,Timeout,node-4,Node timed out
1409970,Timeout,node-4,Node timed out
1409970,Initialization,node-4,Node initialized
1409970,Registration,node-4,Registered in epoch 7
1459813,Timeout,node-1,Node timed out
1459813,VoteReceived,node-1,Received vote from node 1
1459813,VoteReceived,node-3,Received vote from node 1
1459813,VoteReceived,node-5,Received vote from node 1
1459813,VoteReceived,node-4,Received vote from node 1
1459813,VoteReceived,node-2,Received vote from node 1
1460013,Timeout,node-2,Node timed out
1460013,VoteReceived,node-2,Received vote from node 2
1460027,VoteReceived,node-3,Received vote from node 2
1460027,VoteReceived,node-5,Received vote from node 2
1460027,VoteReceived,node-4,Received vote from node 2
1460027,VoteReceived,node-1,Received vote from node 2
1460213,Timeout,node-3,Node timed out
1460213,VoteReceived,node-3,Received vote from node 3
1460242,VoteReceived,node-2,Received vote from node 3
1460242,VoteReceived,node-5,Received vote from node 3
1460242,VoteReceived,node-4,Received vote from node 3
1460242,VoteReceived,node-1,Received vote from node 3
1460242,VoteReceived,node-4,Received vote from node 4
1460285,VoteReceived,node-2,Received vote from node 4
1460285,VoteReceived,node-3,Received vote from node 4
1460285,VoteReceived,node-1,Received vote from node 4
1460285,VoteReceived,node-5,Received vote from node 4
1460370,Timeout,node-4,Node timed out
1509913,Timeout,node-1,Node timed out
1510213,Timeout,node-2,Node timed out
1510385,Timeout,node-1,Node timed out
1510385,SubmissionReceived,node-1,Received submission from node 1
1510385,SubmissionReceived,node-2,Received submission from node 1
1510385,SubmissionReceived,node-3,Received submission from node 1
1510385,SubmissionReceived,node-4,Received submission from node 1
1510385,SubmissionReceived,node-5,Received submission from node 1
1510485,Timeout,node-2,Node timed out
1510485,SubmissionReceived,node-2,Received submission from node 2
1510499,SubmissionReceived,node-1,Received submission from node 2
1510499,SubmissionReceived,node-3,Received submission from node 2
1510499,SubmissionReceived,node-4,Received submission from node 2
1510499,SubmissionReceived,node-5,Received submission from node 2
1510513,Timeout,node-3,Node timed out
1510585,Timeout,node-3,Node timed out
1510585,SubmissionReceived,node-3,Received submission from node 3
1510614,SubmissionReceived,node-1,Received submission from node 3
1510614,SubmissionReceived,node-4,Received submission from node 3
1510614,SubmissionReceived,node-5,Received submission from node 3
1510614,SubmissionReceived,node-2,Received submission from node 3
1510614,SubmissionReceived,node-4,Received submission from node 4
1510642,Timeout,node-4,Node timed out
1510642,Timeout,node-4,Node timed out
1510657,SubmissionReceived,node-1,Received submission from node 4
1510657,SubmissionReceived,node-2,Received submission from node 4
1510657,SubmissionReceived,node-5,Received submission from node 4
1510657,SubmissionReceived,node-3,Received submission from node 4
1560485,Timeout,node-1,Node timed out
1560685,Timeout,node-2,Node timed out
1560757,Timeout,node-1,Node timed out
1560757,HashReceived,node-1,Received hash from node 1
1560757,HashReceived,node-2,Received hash from node 1
1560757,HashReceived,node-4,Received hash from node 1
1560757,HashReceived,node-5,Received hash from node 1
1560757,HashReceived,node-3,Received hash from node 1
1560857,Timeout,node-2,Node timed out
1560857,HashReceived,node-2,Received hash from node 2
1560871,HashReceived,node-1,Received hash from node 2
1560871,HashReceived,node-4,Received hash from node 2
1560871,HashReceived,node-5,Received hash from node 2
1560871,HashReceived,node-3,Received hash from node 2
1560885,Timeout,node-3,Node timed out
1560957,Timeout,node-3,Node timed out
1560957,HashReceived,node-3,Received hash from node 3
1560986,HashReceived,node-2,Received hash from node 3
1560986,HashReceived,node-5,Received hash from node 3
1560986,HashReceived,node-4,Received hash from node 3
1560986,HashReceived,node-1,Received hash from node 3
1560986,HashReceived,node-4,Received hash from node 4
1561014,Timeout,node-4,Node timed out
1561014,Timeout,node-4,Node timed out
1561029,HashReceived,node-1,Received hash from node 4
1561029,HashReceived,node-2,Received hash from node 4
1561029,HashReceived,node-3,Received hash from node 4
1561029,HashReceived,node-5,Received hash from node 4
1610857,Timeout,node-1,Node timed out
1611057,Timeout,node-2,Node timed out
1611129,Timeout,node-1,Node timed out
1611129,Initialization,node-1,Node initialized
1611129,Registration,node-1,Registered in epoch 8
1611229,Timeout,node-2,Node timed out
1611229,Initialization,node-2,Node initialized
1611229,Registration,node-2,Registered in epoch 8
1611257,Timeout,node-3,Node timed out
1611329,Timeout,node-3,Node timed out
1611329,Initialization,node-3,Node initialized
1611329,Registration,node-3,Registered in epoch 8
1611386,Timeout,node-4,Node timed out
1611386,Timeout,node-4,Node timed out
1611386,Initialization,node-4,Node initialized
1611386,Registration,node-4,Registered in epoch 8
1661229,Timeout,node-1,Node timed out
1661229,VoteReceived,node-1,Received vote from node 1
1661229,VoteReceived,node-3,Received vote from node 1
1661229,VoteReceived,node-5,Received vote from node 1
1661229,VoteReceived,node-4,Received vote from node 1
1661229,VoteReceived,node-2,Received vote from node 1
1661429,Timeout,node-2,Node timed out
1661429,VoteReceived,node-2,Received vote from node 2
1661443,VoteReceived,node-3,Received vote from node 2
1661443,VoteReceived,node-5,Received vote from node 2
1661443,VoteReceived,node-4,Received vote from node 2
1661443,VoteReceived,node-1,Received vote from node 2
1661629,Timeout,node-3,Node timed out
1661629,VoteReceived,node-3,Received vote from node 3
1661658,VoteReceived,node-2,Received vote from node 3
1661658,VoteReceived,node-5,Received vote from node 3
1661658,VoteReceived,node-4,Received vote from node 3
1661658,VoteReceived,node-1,Received vote from node 3
1661658,VoteReceived,node-4,Received vote from node 4
1661701,VoteReceived,node-2,Received vote from node 4
1661701,VoteReceived,node-3,Received vote from node 4
1661701,VoteReceived,node-1,Received vote from node 4
1661701,VoteReceived,node-5,Received vote from node 4
1661786,Timeout,node-4,Node timed out
1711329,Timeout,node-1,Node timed out
1711629,Timeout,node-2,Node timed out
1711801,Timeout,node-1,Node timed out
1711801,SubmissionReceived,node-1,Received submission from node 1
1711801,SubmissionReceived,node-2,Received submission from node 1
1711801,SubmissionReceived,node-3,Received submission from node 1
1711801,SubmissionReceived,node-4,Received submission from node 1
1711801,SubmissionReceived,node-5,Received submission from node 1
1711901,Timeout,node-2,Node timed out
1711901,SubmissionReceived,node-2,Received submission from node 2
1711915,SubmissionReceived,node-1,Received submission from node 2
1711915,SubmissionReceived,node-3,Received submission from node 2
1711915,SubmissionReceived,node-4,Received submission from node 2
1711915,SubmissionReceived,node-5,Received submission from node 2
1711929,Timeout,node-3,Node timed out
1712001,Timeout,node-3,Node timed out
1712001,SubmissionReceived,node-3,Received submission from node 3
1712030,SubmissionReceived,node-1,Received submission from node 3
1712030,SubmissionReceived,node-4,Received submission from node 3
1712030,SubmissionReceived,node-5,Received submission from node 3
1712030,SubmissionReceived,node-2,Received submission from node 3
1712030,SubmissionReceived,node-4,Received submission from node 4
1712058,Timeout,node-4,Node timed out
1712058,Timeout,node-4,Node timed out
1712073,SubmissionReceived,node-1,Received submission from node 4
1712073,SubmissionReceived,node-2,Received submission from node 4
1712073,SubmissionReceived,node-5,Received submission from node 4
1712073,SubmissionReceived,node-3,Received submission from node 4
1761901,Timeout,node-1,Node timed out
1762101,Timeout,node-2,Node timed out
1762173,Timeout,node-1,Node timed out
1762173,HashReceived,node-1,Received hash from node 1
1762173,HashReceived,node-2,Received hash from node 1
1762173,HashReceived,node-4,Received hash from node 1
1762173,HashReceived,node-5,Received hash from node 1
1762173,HashReceived,node-3,Received hash from node 1
1762273,Timeout,node-2,Node timed out
1762273,HashReceived,node-2,Received hash from node 2
1762287,HashReceived,node-1,Received hash from node 2
1762287,HashReceived,node-4,Received hash from node 2
1762287,HashReceived,node-5,Received hash from node 2
1762287,HashReceived,node-3,Received hash from node 2
1762301,Timeout,node-3,Node timed out
1762373,Timeout,node-3,Node timed out
1762373,HashReceived,node-3,Received hash from node 3
1762402,HashReceived,node-2,Received hash from node 3
1762402,HashReceived,node-5,Received hash from node 3
1762402,HashReceived,node-4,Received hash from node 3
1762402,HashReceived,node-1,Received hash from node 3
1762402,HashReceived,node-4,Received hash from node 4
1762430,Timeout,node-4,Node timed out
1762430,Timeout,node-4,Node timed out
1762445,HashReceived,node-1,Received hash from node 4
1762445,HashReceived,node-2,Received hash from node 4
1762445,HashReceived,node-3,Received hash from node 4
1762445,HashReceived,node-5,Received hash from node 4
1812273,Timeout,node-1,Node timed out
1812473,Timeout,node-2,Node timed out
1812545,Timeout,node-1,Node timed out
1812545,Initialization,node-1,Node initialized
1812545,Registration,node-1,Registered in epoch 9
1812645,Timeout,node-2,Node timed out
1812645,Initialization,node-2,Node initialized
1812645,Registration,node-2,Registered in epoch 9
1812673,Timeout,node-3,Node timed out
1812745,Timeout,node-3,Node timed out
1812745,Initialization,node-3,Node initialized
1812745,Registration,node-3,Registered in epoch 9
1812802,Timeout,node-4,Node timed out
1812802,Timeout,node-4,Node timed out
1812802,Initialization,node-4,Node initialized
1812802,Registration,node-4,Registered in epoch 9
1862645,Timeout,node-1,Node timed out
1862645,VoteReceived,node-1,Received vote from node 1
1862645,VoteReceived,node-3,Received vote from node 1
1862645,VoteReceived,node-5,Received vote from node 1
1862645,VoteReceived,node-4,Received vote from node 1
1862645,VoteReceived,node-2,Received vote from node 1
1862845,Timeout,node-2,Node timed out
1862845,VoteReceived,node-2,Received vote from node 2
1862859,VoteReceived,node-3,Received vote from node 2
1862859,VoteReceived,node-5,Received vote from node 2
1862859,VoteReceived,node-4,Received vote from node 2
1862859,VoteReceived,node-1,Received vote from node 2
1863045,Timeout,node-3,Node timed out
1863045,VoteReceived,node-3,Received vote from node 3
1863074,VoteReceived,node-2,Received vote from node 3
1863074,VoteReceived,node-5,Received vote from node 3
1863074,VoteReceived,node-4,Received vote from node 3
1863074,VoteReceived,node-1,Received vote from node 3
1863074,VoteReceived,node-4,Received vote from node 4
1863117,VoteReceived,node-2,Received vote from node 4
1863117,VoteReceived,node-3,Received vote from node 4
1863117,VoteReceived,node-1,Received vote from node 4
1863117,VoteReceived,node-5,Received vote from node 4
1863202,Timeout,node-4,Node timed out
1912745,Timeout,node-1,Node timed out
1913045,Timeout,node-2,Node timed out
1913217,Timeout,node-1,Node timed out
1913217,SubmissionReceived,node-1,Received submission from node 1
1913217,SubmissionReceived,node-2,Received submission from node 1
1913217,SubmissionReceived,node-3,Received submission from node 1
1913217,SubmissionReceived,node-4,Received submission from node 1
1913217,SubmissionReceived,node-5,Received submission from node 1
1913317,Timeout,node-2,Node timed out
1913317,SubmissionReceived,node-2,Received submission from node 2
1913331,SubmissionReceived,node-1,Received submission from node 2
1913331,SubmissionReceived,node-3,Received submission from node 2
1913331,SubmissionReceived,node-4,Received submission from node 2
1913331,SubmissionReceived,node-5,Received submission from node 2
1913345,Timeout,node-3,Node timed out
1913417,Timeout,node-3,Node timed out
1913417,SubmissionReceived,node-3,Received submission from node 3
1913446,SubmissionReceived,node-1,Received submission from node 3
1913446,SubmissionReceived,node-4,Received submission from node 3
1913446,SubmissionReceived,node-5,Received submission from node 3
1913446,SubmissionReceived,node-2,Received submission from node 3
1913446,SubmissionReceived,node-4,Received submission from node 4
1913474,Timeout,node-4,Node timed out
1913474,Timeout,node-4,Node timed out
1913489,SubmissionReceived,node-1,Received submission from node 4
1913489,SubmissionReceived,node-2,Received submission from node 4
1913489,SubmissionReceived,node-5,Received submission from node 4
1913489,SubmissionReceived,node-3,Received submission from node 4
1963317,Timeout,node-1,Node timed out
1963517,Timeout,node-2,Node timed out
1963589,Timeout,node-1,Node timed out
1963589,HashReceived,node-1,Received hash from node 1
1963589,HashReceived,node-2,Received hash from node 1
1963589,HashReceived,node-4,Received hash from node 1
1963589,HashReceived,node-5,Received hash from node 1
1963589,HashReceived,node-3,Received hash from node 1
1963689,Timeout,node-2,Node timed out
1963689,HashReceived,node-2,Received hash from node 2
1963703,HashReceived,node-1,Received hash from node 2
1963703,HashReceived,node-4,Received hash from node 2
1963703,HashReceived,node-5,Received hash from node 2
1963703,HashReceived,node-3,Received hash from node 2
1963717,Timeout,node-3,Node timed out
1963789,Timeout,node-3,Node timed out
1963789,HashReceived,node-3,Received hash from node 3
1963818,HashReceived,node-2,Received hash from node 3
1963818,HashReceived,node-5,Received hash from node 3
1963818,HashReceived,node-4,Received hash from node 3
1963818,HashReceived,node-1,Received hash from node 3
1963818,HashReceived,node-4,Received hash from node 4
1963846,Timeout,node-4,Node timed out
1963846,Timeout,node-4,Node timed out
1963861,HashReceived,node-1,Received hash from node 4
1963861,HashReceived,node-2,Received hash from node 4
1963861,HashReceived,node-3,Received hash from node 4
1963861,HashReceived,node-5,Received hash from node 4
2013689,Timeout,node-1,Node timed out
2013889,Timeout,node-2,Node timed out
2013961,Timeout,node-1,Node timed out
2013961,Initialization,node-1,Node initialized
2013961,Registration,node-1,Registered in epoch 10
2014061,Timeout,node-2,Node timed out
2014061,Initialization,node-2,Node initialized
2014061,Registration,node-2,Registered in epoch 10
2014089,Timeout,node-3,Node timed out
2014161,Timeout,node-3,Node timed out
2014161,Initialization,node-3,Node initialized
2014161,Registration,node-3,Registered in epoch 10
2014218,Timeout,node-4,Node timed out
2014218,Timeout,node-4,Node timed out
2014218,Initialization,node-4,Node initialized
2014218,Registration,node-4,Registered in epoch 10
2064061,Timeout,node-1,Node timed out
2064061,VoteReceived,node-1,Received vote from node 1
2064061,VoteReceived,node-3,Received vote from node 1
2064061,VoteReceived,node-5,Received vote from node 1
2064061,VoteReceived,node-4,Received vote from node 1
2064061,VoteReceived,node-2,Received vote from node 1
2064261,Timeout,node-2,Node timed out
2064261,VoteReceived,node-2,Received vote from node 2
2064275,VoteReceived,node-3,Received vote from node 2
2064275,VoteReceived,node-5,Received vote from node 2
2064275,VoteReceived,node-4,Received vote from node 2
2064275,VoteReceived,node-1,Received vote from node 2
2064461,Timeout,node-3,Node timed out
2064461,VoteReceived,node-3,Received vote from node 3
2064490,VoteReceived,node-2,Received vote from node 3
2064490,VoteReceived,node-5,Received vote from node 3
2064490,VoteReceived,node-4,Received vote from node 3
2064490,VoteReceived,node-1,Received vote from node 3
2064490,VoteReceived,node-4,Received vote from node 4
2064533,VoteReceived,node-2,Received vote from node 4
2064533,VoteReceived,node-3,Received vote from node 4
2064533,VoteReceived,node-1,Received vote from node 4
2064533,VoteReceived,node-5,Received vote from node 4
2064618,Timeout,node-4,Node timed out
2114161,Timeout,node-1,Node timed out
2114461,Timeout,node-2,Node timed out
2114633,Timeout,node-1,Node timed out
2114633,SubmissionReceived,node-1,Received submission from node 1
2114633,SubmissionReceived,node-2,Received submission from node 1
2114633,SubmissionReceived,node-3,Received submission from node 1
2114633,SubmissionReceived,node-4,Received submission from node 1
2114633,SubmissionReceived,node-5,Received submission from node 1
2114733,Timeout,node-2,Node timed out
2114733,SubmissionReceived,node-2,Received submission from node 2
2114747,SubmissionReceived,node-1,Received submission from node 2
2114747,SubmissionReceived,node-3,Received submission from node 2
2114747,SubmissionReceived,node-4,Received submission from node 2
2114747,SubmissionReceived,node-5,Received submission from node 2
2114761,Timeout,node-3,Node timed out
2114833,Timeout,node-3,Node timed out
2114833,SubmissionReceived,node-3,Received submission from node 3
2114862,SubmissionReceived,node-1,Received submission from node 3
2114862,SubmissionReceived,node-4,Received submission from node 3
2114862,SubmissionReceived,node-5,Received submission from node 3
2114862,SubmissionReceived,node-2,Received submission from node 3
2114862,SubmissionReceived,node-4,Received submission from node 4
2114890,Timeout,node-4,Node timed out
2114890,Timeout,node-4,Node timed out
2114905,SubmissionReceived,node-1,Received submission from node 4
2114905,SubmissionReceived,node-2,Received submission from node 4
2114905,SubmissionReceived,node-5,Received submission from node 4
2114905,SubmissionReceived,node-3,Received submission from node 4
2164733,Timeout,node-1,Node timed out
2164933,Timeout,node-2,Node timed out
2165005,Timeout,node-1,Node timed out
2165005,HashReceived,node-1,Received hash from node 1
2165005,HashReceived,node-2,Received hash from node 1
2165005,HashReceived,node-4,Received hash from node 1
2165005,HashReceived,node-5,Received hash from node 1
2165005,HashReceived,node-3,Received hash from node 1
2165105,Timeout,node-2,Node timed out
2165105,HashReceived,node-2,Received hash from node 2
2165119,HashReceived,node-1,Received hash from node 2
2165119,HashReceived,node-4,Received hash from node 2
2165119,HashReceived,node-5,Received hash from node 2
2165119,HashReceived,node-3,Received hash from node 2
2165133,Timeout,node-3,Node timed out
2165205,Timeout,node-3,Node timed out
2165205,HashReceived,node-3,Received hash from node 3
2165234,HashReceived,node-2,Received hash from node 3
2165234,HashReceived,node-5,Received hash from node 3
2165234,HashReceived,node-4,Received hash from node 3
2165234,HashReceived,node-1,Received hash from node 3
2165234,HashReceived,node-4,Received hash from node 4
2165262,Timeout,node-4,Node timed out
2165262,Timeout,node-4,Node timed out
2165277,HashReceived,node-1,Received hash from node 4
2165277,HashReceived,node-2,Received hash from node 4
2165277,HashReceived,node-3,Received hash from node 4
2165277,HashReceived,node-5,Received hash from node 4
2215105,Timeout,node-1,Node timed out
2215305,Timeout,node-2,Node timed out
2215377,Timeout,node-1,Node timed out
2215377,Registration,node-1,Registered in epoch 11
2215477,Timeout,node-2,Node timed out
2215477,Registration,node-2,Registered in epoch 11
2215505,Timeout,node-3,Node timed out
2215577,Timeout,node-3,Node timed out
2215577,Registration,node-3,Registered in epoch 11
2215634,Timeout,node-4,Node timed out
2215634,Timeout,node-4,Node timed out
2215634,Registration,node-4,Registered in epoch 11
