SimTime	NodeId	ClientId	EventType	Epoch	Details
40014	node-1	1	NodeSyncRequest	0	
40014	node-3	1	NodeSyncRequest	0	
40014	node-4	1	NodeSyncRequest	0	
40014	node-2	1	NodeSyncRequest	0	
40014	node-5	1	NodeSyncRequest	0	
40014	node-5	2	NodeSyncRequest	0	
40014	node-1	2	NodeSyncRequest	0	
40014	node-3	2	NodeSyncRequest	0	
40014	node-4	2	NodeSyncRequest	0	
40014	node-2	2	NodeSyncRequest	0	
40042	node-1	2	NodeGetAccountRequest	0	
40042	node-2	2	NodeGetAccountRequest	0	
40042	node-3	1	NodeGetAccountRequest	0	
40042	node-5	1	NodeGetAccountRequest	0	
40042	node-4	1	NodeGetAccountRequest	0	
40042	node-5	2	NodeGetAccountRequest	0	
40042	node-1	1	NodeGetAccountRequest	0	
40042	node-2	1	NodeGetAccountRequest	0	
40042	node-3	2	NodeGetAccountRequest	0	
40042	node-4	2	NodeGetAccountRequest	0	
40070	node-5	2	NodeGetPennyJarRequest	0	
40070	node-4	1	NodeGetPennyJarRequest	0	
40070	node-5	1	NodeGetPennyJarRequest	0	
40070	node-4	2	NodeGetPennyJarRequest	0	
40070	node-3	2	NodeGetPennyJarRequest	0	
40070	node-3	1	NodeGetPennyJarRequest	0	
40070	node-2	1	NodeGetPennyJarRequest	0	
40070	node-2	2	NodeGetPennyJarRequest	0	
40070	node-1	1	NodeGetPennyJarRequest	0	
40070	node-1	2	NodeGetPennyJarRequest	0	
100015	node-1	5	NodeSyncRequest	0	
100015	node-1	3	NodeSyncRequest	0	
100015	node-3	3	NodeSyncRequest	0	
100015	node-4	3	NodeSyncRequest	0	
100015	node-2	3	NodeSyncRequest	0	
100015	node-2	5	NodeSyncRequest	0	
100015	node-3	5	NodeSyncRequest	0	
100015	node-4	5	NodeSyncRequest	0	
100015	node-5	4	NodeSyncRequest	0	
100015	node-5	1	NodeSyncRequest	0	
100015	node-2	4	NodeSyncRequest	0	
100015	node-3	4	NodeSyncRequest	0	
100015	node-3	1	NodeSyncRequest	0	
100015	node-4	1	NodeSyncRequest	0	
100015	node-5	2	NodeSyncRequest	0	
100015	node-2	1	NodeSyncRequest	0	
100015	node-1	1	NodeSyncRequest	0	
100015	node-1	4	NodeSyncRequest	0	
100015	node-3	2	NodeSyncRequest	0	
100015	node-4	2	NodeSyncRequest	0	
100015	node-5	3	NodeSyncRequest	0	
100015	node-2	2	NodeSyncRequest	0	
100015	node-1	2	NodeSyncRequest	0	
100016	node-5	5	NodeSyncRequest	0	
100016	node-4	4	NodeSyncRequest	0	
100043	node-3	3	NodeGetAccountRequest	0	
100043	node-4	1	NodeGetAccountRequest	0	
100043	node-3	1	NodeGetAccountRequest	0	
100043	node-2	1	NodeGetAccountRequest	0	
100043	node-1	1	NodeGetAccountRequest	0	
100043	node-5	3	NodeGetAccountRequest	0	
100043	node-4	3	NodeGetAccountRequest	0	
100043	node-2	3	NodeGetAccountRequest	0	
100043	node-5	1	NodeGetAccountRequest	0	
100043	node-1	3	NodeGetAccountRequest	0	
100043	node-5	4	NodeGetAccountRequest	0	
100043	node-3	4	NodeGetAccountRequest	0	
100043	node-5	2	NodeGetAccountRequest	0	
100043	node-3	5	NodeGetAccountRequest	0	
100043	node-2	4	NodeGetAccountRequest	0	
100043	node-1	4	NodeGetAccountRequest	0	
100043	node-2	5	NodeGetAccountRequest	0	
100043	node-1	5	NodeGetAccountRequest	0	
100043	node-4	2	NodeGetAccountRequest	0	
100043	node-4	5	NodeGetAccountRequest	0	
100043	node-3	2	NodeGetAccountRequest	0	
100043	node-2	2	NodeGetAccountRequest	0	
100043	node-1	2	NodeGetAccountRequest	0	
100044	node-5	5	NodeGetAccountRequest	0	
100044	node-4	4	NodeGetAccountRequest	0	
